,Signal,Adj Close,Sig_log,Adj_Close_log
2015-11-19,13.768539657600002,108.28160099999997,2.62238625465473,4.684735250377464
2015-11-20,13.6088186616,108.98132300000002,2.6107180136014616,4.691176518923438
2015-11-23,12.9905888508,109.52245300000004,2.564225160740536,4.696129578464942
2015-11-24,12.667435013999999,110.32483699999996,2.5390345282185933,4.703429077701539
2015-11-25,13.019910010799997,111.18315899999999,2.566479725143634,4.711178922505373
2015-11-27,12.879819118799999,111.60299700000004,2.555661677006167,4.714947904425336
2015-11-30,13.1847914496,111.11785100000004,2.5790640024332845,4.710591358806235
2015-12-01,12.9226314672,111.854897,2.558980151547625,4.717202468828434
2015-12-02,13.1180755764,110.65136699999996,2.573991094129532,4.706384420690966
2015-12-03,12.91653996,108.785408,2.558508657534745,4.689377207780208
2015-12-04,13.155277996799999,109.88632200000002,2.576823046674899,4.699446395065236
2015-12-07,12.4302210924,108.234947,2.5201306923636286,4.684304299476455
2015-12-08,13.030335177600001,107.63783300000003,2.5672801143362243,4.6787721937348365
2015-12-09,12.43960416,106.43428799999998,2.5208852668690773,4.667527780633446
2015-12-10,13.24967112,106.78884099999996,2.5839727309921066,4.670853436048428
2015-12-11,13.0675260816,104.40973699999999,2.570130227516474,4.648322937383034
2015-12-14,13.0549548432,103.66336799999996,2.5691677431791966,4.641148803069168
2015-12-15,12.231404892,105.15612000000004,2.5040068157100683,4.655446103022766
2015-12-16,13.0780739232,106.76083399999999,2.5709370816081982,4.670591136420385
2015-12-17,12.4365794952,105.62261200000005,2.520642089309623,4.6598724771377436
2015-12-18,13.1074951896,104.00854499999996,2.573184218468489,4.644473059227678
2015-12-21,12.4885312068,104.79225900000004,2.5248107196883267,4.6519799046550085
2015-12-22,12.9433300224,105.75322699999997,2.560580599273219,4.661108332827233
2015-12-23,12.953485079999998,107.08737900000001,2.561364870086472,4.6736451273724
2015-12-24,12.5665888824,107.28978699999998,2.531041616037256,4.675533463373126
2015-12-28,13.1699153664,106.79315199999999,2.5779350894930833,4.670893804620142
2015-12-29,12.988398402,107.94570900000004,2.5640565283928716,4.681628406286563
2015-12-30,12.6448271064,106.858749,2.5372482071458915,4.6715078595548665
2015-12-31,11.963824319999999,105.52816800000004,2.4818874566077334,4.658977912539894
2016-01-04,12.475991808000002,103.08252699999998,2.52380614212463,4.63552990042353
2016-01-05,11.093390159999998,103.30741099999999,2.4063494498679314,4.637709116049803
2016-01-06,11.1615864192,101.7332,2.412478099108555,4.622353700125344
2016-01-07,12.0113536932,99.015808,2.4858523435786326,4.595279514155289
2016-01-08,10.722718817999999,97.31043999999999,2.3723647445683556,4.577906280455573
2016-01-11,11.328933963599999,96.88877100000003,2.4273599809044626,4.573563629828901
2016-01-12,10.8075252096,97.17923700000001,2.380242670159289,4.5765570775371796
2016-01-13,11.661340698000002,94.05893700000003,2.45627915698816,4.543921575155998
2016-01-14,11.709747252,95.36139700000004,2.4604215934313434,4.557673852958056
2016-01-15,11.682590346,93.81532299999998,2.4580997290100055,4.541328200879635
2016-01-19,10.942455743999998,92.55032300000005,2.3926502456607524,4.527752529018819
2016-01-20,11.4797555316,92.93450199999998,2.4405850955078807,4.531894965462002
2016-01-21,10.913312102399999,92.71897100000004,2.389983337860647,4.529573101040665
2016-01-22,11.435968353599998,94.986595,2.4367635071949563,4.553735776381099
2016-01-25,11.433674822399999,92.87828099999997,2.4365629329061456,4.531289829466427
2016-01-26,11.57717652,94.73361200000004,2.4490356185807887,4.551068868580994
2016-01-27,11.639570956799998,93.43111399999998,2.4544105822425246,4.5372244160988675
2016-01-28,10.712037359999998,93.41237599999998,2.3713680960601606,4.537023841810057
2016-01-29,10.725924725999999,96.476471,2.372663682635679,4.56929915478088
2016-02-01,11.901012984000001,96.036064,2.476623521200464,4.564723787589448
2016-02-02,10.582996262399998,93.96524000000001,2.359248586941346,4.542924926647802
2016-02-03,10.6260605808,94.08705900000002,2.3633095291982706,4.544220513223321
2016-02-04,10.6621341552,94.452484,2.3666986008762776,4.548096893231123
2016-02-05,11.2064747808,91.86628700000003,2.416491716691051,4.520334117661693
2016-02-08,11.191439196,90.35765799999997,2.415149128530913,4.503775772715881
2016-02-09,10.643692701600001,89.74860400000003,2.364967482123708,4.49701247292987
2016-02-10,11.4519588804,89.79547100000005,2.4381607966251613,4.497534539737861
2016-02-11,11.29269564,88.82094600000003,2.4241561131696296,4.486622500561572
2016-02-12,11.1263343444,90.50759100000002,2.409314761929612,4.505433725641319
2016-02-16,11.407892672400001,92.65338900000005,2.4343054555281047,4.528865530583708
2016-02-17,11.078253134399999,94.10579699999997,2.4049840095394153,4.54441964936972
2016-02-18,11.882122434,93.65601299999999,2.475034954038011,4.539628633983204
2016-02-19,11.311126437599999,94.124527,2.4257868817733907,4.544618660875027
2016-02-22,11.0687511168,95.17399600000002,2.40412592344567,4.555706753224215
2016-02-23,12.183190236,94.30255900000004,2.5000571521235435,4.546508326068671
2016-02-24,12.128880456,95.21150200000002,2.495589423230683,4.556100753826984
2016-02-25,12.271808016,96.08290900000001,2.507304600434734,4.5652114541660165
2016-02-26,12.1596778152,96.69198600000003,2.4981253807264836,4.571530524154203
2016-02-29,12.648369006,96.26095600000001,2.5375282745290257,4.567062795261342
2016-03-01,11.991283405199999,98.331795,2.4841800029441177,4.588347423481544
2016-03-02,12.24396516,99.34377300000003,2.5050331756037827,4.598586289630395
2016-03-03,11.589791674799999,100.38388100000002,2.4501246826258365,4.609001646559685
2016-03-04,12.609409302,100.93672900000001,2.534443305263454,4.61449387499771
2016-03-07,11.434686335999999,102.03304300000002,2.4366513969280015,4.625296711803874
2016-03-08,12.774697739999999,99.56865699999996,2.5474664755358867,4.600847426310636
2016-03-09,12.6202942944,100.07467699999998,2.53530617652421,4.605916677294113
2016-03-10,11.94599124,99.25943000000002,2.480395761009996,4.597736927648348
2016-03-11,12.030323159999998,101.38649000000001,2.4874303924686805,4.618939847566546
2016-03-14,11.726140377599998,101.124153,2.461820569952542,4.61634899957102
2016-03-15,12.201675116399999,99.549927,2.5015732469367444,4.600659297210087
2016-03-16,12.7875163104,100.25269299999998,2.5484694067725324,4.6076939286687715
2016-03-17,12.649502718,101.789413,2.5376179035707986,4.622906100672888
2016-03-18,11.933503124399998,102.70770300000002,2.4793498329389996,4.6318871189903374
2016-03-21,11.485626083999998,102.464073,2.4410963478463903,4.629512229819342
2016-03-22,11.6206048512,102.34225500000001,2.4527798026680427,4.628322637529346
2016-03-23,11.943246067199999,100.45036299999997,2.480165935940507,4.609663704992592
2016-03-24,13.064112684,100.751106,2.569868981166788,4.612653178434032
2016-03-28,12.102663228,100.87330600000003,2.49342552987152,4.6138653333883894
2016-03-29,12.532237199999999,103.67401100000004,2.528304300456305,4.6412514666608535
2016-03-30,11.930257612799998,103.68343400000002,2.479077829573247,4.641342353197447
2016-03-31,12.5320997664,103.97476999999998,2.528293333990271,4.644148273556319
2016-04-01,12.425094,104.43531000000003,2.519718137346429,4.6485678366563965
2016-04-04,12.7473318336,103.56126399999997,2.5453219817519006,4.640163360293593
2016-04-05,12.5516562264,102.38643600000002,2.5298526271015636,4.628754242894183
2016-04-06,11.653841177999999,103.54245000000003,2.4556358405174987,4.6399816735465205
2016-04-07,12.647136549599999,102.14208199999997,2.537430829834887,4.62636480479871
2016-04-08,13.173104131199999,102.54621099999997,2.5781771851128252,4.630313536005475
2016-04-11,12.2711329056,102.22667699999998,2.5072495858052872,4.62719267110514
2016-04-12,13.31634717,103.32627900000004,2.5889923910160553,4.637891738738799
2016-04-13,12.139195265999998,105.55371899999999,2.4964394956253217,4.659220008159635
2016-04-14,13.2997770048,105.422104,2.587747268530757,4.657972329490087
2016-04-15,12.5512734816,105.68529499999998,2.5298221330672432,4.660465763046714
2016-04-18,12.8705676024,106.48416900000001,2.55494312338612,4.667996326212964
2016-04-19,12.6120616272,106.56872599999998,2.5346536280647864,4.668790091577566
2016-04-20,12.139195265999998,106.72851600000004,2.4964394956253217,4.670288376584854
2016-04-21,12.90328488,106.19280200000004,2.557481920812356,4.665256328733044
2016-04-22,12.8189116836,107.24542199999999,2.5509215558141047,4.675119871582397
2016-04-25,13.440686993999998,106.48416900000001,2.5982864494136444,4.667996326212964
2016-04-26,12.4319067768,107.52737400000004,2.520266294948528,4.677745457012447
2016-04-27,13.182353194800001,107.90329699999995,2.5788790559902903,4.681235427867697
2016-04-28,13.092171455999999,106.67211900000002,2.572014452795159,4.669759821444304
2016-04-29,12.4848678,105.71349300000001,2.5245173349692283,4.660732538466139
2016-05-02,12.186537787199999,106.65334300000005,2.500331882413341,4.669583789948837
2016-05-03,13.13397918,104.90521999999997,2.5752027025688036,4.653057275841968
2016-05-04,12.419195302799999,104.04056499999997,2.519243283971559,4.644780871169319
2016-05-05,12.9243762216,103.62702200000001,2.559115157844962,4.640798125930952
2016-05-06,13.0147560192,104.23793000000002,2.5660837921471145,4.646676074599463
2016-05-09,12.198696803999999,104.538681,2.501329126689356,4.649557156025152
2016-05-10,12.983586084,105.59130900000004,2.563685950776235,4.6595760667488735
2016-05-11,12.772524823200001,104.28490400000001,2.54729636570889,4.647126615193924
2016-05-12,12.939768954,103.730415,2.5603054337356053,4.6417953702069665
2016-05-13,12.140118479999998,103.04433399999999,2.4965155450565457,4.635159322806894
2016-05-16,12.7801743264,104.350693,2.5478950894197374,4.647757274612801
2016-05-17,11.995217625599999,102.69657899999996,2.484508039153336,4.631778805766264
2016-05-18,13.104373968,103.23230000000002,2.572946065165038,4.636981788574157
2016-05-19,12.2279976576,102.40524300000001,2.5037282124682165,4.628937912466547
2016-05-20,13.3244100288,104.125153,2.5895976935595235,4.645593569873682
2016-05-23,13.0532177664,104.00296799999997,2.56903467551272,4.644419437195697
2016-05-24,12.7954648404,106.14581300000002,2.549090798799436,4.664813743188563
2016-05-25,12.7104297936,106.766106,2.5424229000190923,4.670640516606333
2016-05-26,13.1883746064,106.64393599999997,2.579335729901609,4.669495584416631
2016-05-27,12.763424473199999,107.70593299999997,2.5465836175529764,4.679404670853028
2016-05-31,13.07922456,108.081886,2.5710250598679933,4.682889143536703
2016-06-01,12.559189277999998,108.81497200000001,2.530452611026809,4.689648935248532
2016-06-02,13.921474392,109.651413,2.6334325682627733,4.697306361237776
2016-06-03,12.955966019999998,108.99353799999996,2.561556378582581,4.691288596068084
2016-06-06,13.6690801068,110.16832700000005,2.6151363556259457,4.702009441614451
2016-06-07,12.435976025999999,110.48789200000003,2.5205935644043627,4.704905940293433
2016-06-08,12.689427727199998,111.30555000000004,2.540769184350087,4.712279122267381
2016-06-09,12.5238441732,110.59126299999998,2.527634361131883,4.705841089584492
2016-06-10,12.9202038,109.08750899999997,2.558792272223856,4.692150394992004
2016-06-13,13.1774584176,107.90329699999995,2.5785076741816315,4.681235427867697
2016-06-14,12.220619652,107.59316299999998,2.503124660477481,4.6783571048166825
2016-06-15,13.2637347504,107.66836499999997,2.5850336004849,4.679055808423946
2016-06-16,12.8490613416,107.658974,2.553270761326838,4.678968583085543
2016-06-17,13.574501388000002,107.19841799999998,2.6081931349796843,4.674681491065122
2016-06-20,13.17508764,108.36384599999997,2.5783277463977115,4.685494509388811
2016-06-21,12.8010824304,108.157082,2.5495297322251638,4.6835846333804305
2016-06-22,12.6259240404,107.73413799999999,2.5357521638018814,4.679666507010343
2016-06-23,12.821079293999999,109.792397,2.55109063624842,4.6985912825978025
2016-06-24,12.094195247999998,105.619492,2.4927256059244423,4.659842937572087
2016-06-27,13.226920992,102.15148899999997,2.582254221789509,4.626456897760428
2016-06-28,13.5343625664,103.730415,2.6052318267522265,4.6417953702069665
2016-06-29,13.206744665999999,106.08943200000004,2.580727658642401,4.664282436512084
2016-06-30,12.656880398399998,108.06308000000003,2.538200972322669,4.6827151306934205
2016-07-01,13.201249795199999,108.44841799999996,2.5803115065648647,4.686274649799036
2016-07-05,13.111605540000001,106.85068499999997,2.5734977570963817,4.671432392600948
2016-07-06,12.727279998,107.62653400000002,2.543747721082199,4.67866721584028
2016-07-07,13.304784779999999,107.853348,2.58812372842509,4.680772415468776
2016-07-08,12.846862919999998,110.36704999999996,2.553099650797169,4.703811629149974
2016-07-11,13.6719855132,111.64280700000003,2.615348886216473,4.715304551669841
2016-07-12,13.845523248,113.13592500000006,2.6279619491915507,4.728589971942701
2016-07-13,13.210727942519986,112.69177999999997,2.5810292224300655,4.724656481384811
2016-07-14,13.6639684968,112.80516100000004,2.6147623314814954,4.725662091563397
2016-07-15,13.8894780672,113.11702000000004,2.6311315799047437,4.728422858095462
2016-07-18,13.4169704856,113.30601500000003,2.596520359829512,4.730092255768648
2016-07-19,14.1995600448,112.73901400000003,2.653210981366676,4.7250755368284185
2016-07-20,13.087689292799999,113.47612800000002,2.5716720397252955,4.731592488808655
2016-07-21,14.246734320000002,112.93746200000004,2.656527709924766,4.726834231883105
2016-07-22,13.8747119052,113.77852600000001,2.6300678958277426,4.734253804413486
2016-07-25,13.291117704,113.60841400000002,2.5870959703175203,4.732757570445642
2016-07-26,13.5921050892,114.15652500000003,2.6094891160348563,4.737570532971576
2016-07-27,13.053704519999998,114.47782100000005,2.5690719647492464,4.740381101174666
2016-07-28,13.2781123944,114.18486000000001,2.5861169949696827,4.73781871400232
2016-07-29,13.112727552,114.41165899999997,2.573583327394528,4.7398029880884485
2016-08-01,14.218427808,114.50618000000001,2.654538856237347,4.740628795336888
2016-08-02,13.4528186052,112.90911899999996,2.599188645817764,4.726583238487293
2016-08-03,13.4462159316,113.82576000000002,2.5986977230879114,4.734668858114874
2016-08-04,13.460516369999999,113.92970999999999,2.599760686779392,4.735581679284157
2016-08-05,13.5014879496,115.57404299999997,2.6027998978596614,4.7499113895025635
2016-08-08,13.5659458032,115.517319,2.607562667469468,4.749420466772711
2016-08-09,13.717846097999999,115.64017499999999,2.6186976200318375,4.750483430464191
2016-08-10,13.573816172399997,114.80857100000001,2.6081426555642566,4.743266141377272
2016-08-11,13.741421720399998,115.35668199999999,2.6204147545416676,4.748028910987078
2016-08-12,13.977793717199999,115.47008499999995,2.637469907269693,4.74901149208543
2016-08-15,13.383800639999999,116.61354099999998,2.594045068176096,4.758865399249056
2016-08-16,13.80204441,115.66853300000002,2.6248167268428495,4.750728626595261
2016-08-17,14.2526765664,115.32833100000005,2.6569447182980124,4.747783112616617
2016-08-18,14.07073704,116.17882500000002,2.644097253549624,4.755130598896442
2016-08-19,14.3748887604,116.17882500000002,2.665482848246516,4.755130598896442
2016-08-22,14.402919262800001,116.44343599999996,2.6674309126190314,4.757405627201924
2016-08-23,14.094617185199999,117.25614199999995,2.6457929645803615,4.764360789749714
2016-08-24,14.1679205208,116.30168899999998,2.6509802906963054,4.7561875822050625
2016-08-25,13.491576576,116.52847300000005,2.602065533368662,4.758135646577578
2016-08-26,14.1140891772,116.29222100000003,2.6471735309092517,4.756106169927285
2016-08-29,14.124397479599999,116.89703399999998,2.647903619811194,4.761293496043228
2016-08-30,13.8371097648,117.11438000000003,2.627354096357959,4.7631510640890085
2016-08-31,14.5570986444,116.45288099999996,2.6780787539832778,4.757486736256174
2016-09-01,14.5059912,116.53793300000001,2.674561750295511,4.758216825158117
2016-09-02,14.193207959999999,117.66249800000006,2.652763537503161,4.76782033987557
2016-09-06,13.6123145136,117.77587900000006,2.6109748619844235,4.768783487941825
2016-09-07,13.941459,118.513,2.634867062696351,4.775022659199422
2016-09-08,14.220787276800001,118.27673300000004,2.6547047868931952,4.773027073703252
2016-09-09,12.992295683999998,114.58177200000002,2.564356542088913,4.741288734038016
2016-09-12,14.116187714399999,116.17882500000002,2.647322203712705,4.755130598896442
2016-09-13,13.81898712,113.94861600000002,2.626043524770837,4.735747609940005
2016-09-14,14.4672756384,113.96750599999999,2.671889246372564,4.7359133726765545
2016-09-15,14.405947795200001,115.32833100000005,2.667641162637198,4.747783112616617
2016-09-16,13.349960765999999,115.15822600000003,2.5915134459655356,4.746307060970929
2016-09-19,14.396987430000001,115.92368300000001,2.6670189784452747,4.752932069419374
2016-09-20,13.8704494824,115.432274,2.6297606406077074,4.748683985684008
2016-09-21,14.4333581112,117.10491899999995,2.6695420630501774,4.763070276553177
2016-09-22,14.069825159999999,118.787025,2.644032444609856,4.777332183792198
2016-09-23,14.4614126304,117.94599900000001,2.671483904241196,4.770226884125318
2016-09-26,13.5517673352,116.77474200000005,2.6065169694624397,4.760246797008724
2016-09-27,13.559431679999998,117.24854300000001,2.607082370129513,4.764295980809948
2016-09-28,14.080059839999999,118.14879599999998,2.644759600720865,4.771944813145107
2016-09-29,14.29090686,116.42411799999999,2.6596234510898533,4.757239713147239
2016-09-30,13.531048243199999,117.70340000000004,2.6049869146583453,4.76816790084986
2016-10-03,14.6432622336,117.33383200000004,2.6839803138741463,4.765023136920957
2016-10-04,14.510109261600002,116.755775,2.674845596957339,4.760084359993765
2016-10-05,13.427911343999998,117.45701600000001,2.5973354767724897,4.766072445378692
2016-10-06,14.0152757868,117.33383200000004,2.6401478623967427,4.765023136920957
2016-10-07,13.171882734,117.39570600000005,2.5780844618021534,4.765550330915886
2016-10-10,13.062775157999999,117.78869599999997,2.569766594230444,4.768892307360131
2016-10-11,13.694569679999999,115.63758899999999,2.6169993805346228,4.750461067743665
2016-10-12,13.67864964,115.54283100000004,2.615836196795884,4.7496412923897955
2016-10-13,13.069257425999998,114.58574700000001,2.570262710872892,4.741323424818086
2016-10-14,13.815104400000001,114.12141400000003,2.6257625153500834,4.737262916734714
2016-10-17,14.0496526656,113.98874700000003,2.64259767416457,4.736099732995975
2016-10-18,14.3180416704,114.642609,2.661520397320366,4.741819541460534
2016-10-19,14.409102240000001,115.12587000000002,2.6678601068908954,4.746026051550174
2016-10-20,13.063856219999998,114.784744,2.5698493497900854,4.743058583068481
2016-10-21,12.934220664,114.72789800000001,2.559876563648931,4.742563220367176
2016-10-24,12.920813913599998,115.45754999999997,2.558839492778934,4.748902929937705
2016-10-25,12.884788454399999,114.59523000000002,2.556047425995163,4.741406180377727
2016-10-26,12.801345341999998,113.45807600000005,2.5495502702461943,4.731433394236573
2016-10-27,13.5764229312,112.15984300000004,2.6083346803046696,4.719925023499281
2016-10-28,13.797823788,111.84712199999996,2.624510883206016,4.717132956715509
2016-10-31,12.42324633,112.29250300000004,2.5195694215787867,4.721107100833836
2016-11-01,12.503186093999998,110.91848799999998,2.52598349934995,4.708795589208581
2016-11-02,13.3482312612,109.50653800000005,2.591383886270957,4.6959842552366755
2016-11-03,13.112763920399999,108.97584500000002,2.5735861009097576,4.691126252166429
2016-11-04,13.516470431999998,109.67707100000001,2.60390897381012,4.697540329937592
2016-11-07,14.2989563856,112.35884899999999,2.6601865545747176,4.72169775832455
2016-11-08,14.3377810884,112.65261099999995,2.6628980873827532,4.724308844594557
2016-11-09,14.245567207199999,116.12088000000004,2.656445785142415,4.75463171749492
2016-11-10,15.468222672000001,117.97818799999995,2.738787769296981,4.77049975992164
2016-11-11,14.8778067372,120.688393,2.6998706218474373,4.793211959436346
2016-11-14,15.1132632552,122.38459799999995,2.715572719558882,4.807168528827214
2016-11-15,14.2995734784,122.76367199999997,2.6602297101357224,4.81026114132764
2016-11-16,15.114401620799999,122.75418100000003,2.7156480390124496,4.81018382719436
2016-11-17,14.648176997999999,123.47437300000004,2.6843158907235636,4.816033628462794
2016-11-18,15.955372943999999,124.128242,2.769795634198482,4.821315240856069
2016-11-21,14.940716968799999,124.70628399999998,2.7040901684327117,4.825961244359372
2016-11-22,15.4991987328,125.84344499999996,2.7407883279309218,4.835038634408363
2016-11-23,14.438211379199998,126.62994400000001,2.669878260086319,4.841269006229141
2016-11-25,14.666572435199999,127.04691300000003,2.6855709203567844,4.844556411950323
2016-11-28,15.042045099600001,125.39804799999995,2.7108492866446308,4.831493061889468
2016-11-29,15.3317071368,125.33169600000002,2.7299230459009665,4.830963790806665
2016-11-30,14.993597679359983,124.71575200000002,2.707623288612038,4.826037163874395
2016-12-01,15.30475896,124.10928299999995,2.7281638231717564,4.8211624919915534
2016-12-02,14.990112590399999,124.04293799999996,2.7073908231203214,4.820627779859513
2016-12-05,16.0110110736,125.77914727742116,2.773276677644186,4.83452756961568
2016-12-06,15.8850506088,127.53965800000002,2.765378453665413,4.848427359371848
2016-12-07,15.4061353512,128.78103599999994,2.7347658295081745,4.8581135668051205
2016-12-08,15.874147800000001,130.80891399999996,2.7646918614480676,4.873737586548097
2016-12-09,15.675808147199998,131.06477400000003,2.752118641630188,4.875691659012336
2016-12-12,16.102618271999997,129.68127399999995,2.7789818843583713,4.865079701561767
2016-12-13,14.682118368,129.69075,2.6866303157729687,4.865152770351979
2016-12-14,14.933821247999996,128.07032800000002,2.703628523076226,4.8525795505341
2016-12-15,14.903574426,129.02739000000003,2.7016010785437783,4.860024707405182
2016-12-16,15.7414879968,128.79051200000006,2.7562997745311755,4.858187146360611
2016-12-19,15.142218453599998,129.63386500000001,2.717486766574801,4.864714053796573
2016-12-20,15.844117449599999,130.733109,2.7627982926077315,4.87315790913142
2016-12-21,15.915167589600001,129.88026400000004,2.7672725909707903,4.866612979878099
2016-12-22,16.21540746,128.76036099999996,2.7859618680282074,4.8579530100924115
2016-12-23,14.684097977999997,129.44540400000005,2.686765138044907,4.863259201511643
2016-12-27,15.705524663999999,130.02587900000006,2.75401253988245,4.867733499874702
2016-12-28,15.164591383199998,128.69371,2.7189631960495366,4.857435240058867
2016-12-29,15.73213068,128.807877,2.755705161171219,4.8583219686325485
2016-12-30,15.706080144000001,128.31311,2.754047907702939,4.8544734487863614
2017-01-03,14.718811434,128.95060699999993,2.689126365067853,4.859429439567147
2017-01-04,15.5457845388,131.10108899999994,2.7437895111210913,4.8759686973713094
2017-01-05,16.316117496,129.58811999999995,2.7921534227042053,4.864361113049862
2017-01-06,15.8778963,129.11238100000006,2.7649279722323437,4.860683195655495
2017-01-09,15.9100693584,128.26554899999996,2.7669522017619403,4.854102716468014
2017-01-10,15.402984894,129.49299600000003,2.7345613149237975,4.863626794734865
2017-01-11,15.3473328,129.72137499999997,2.730941699977715,4.865388881136255
2017-01-12,15.705524663999999,128.72224400000002,2.75401253988245,4.857656935720487
2017-01-13,15.119255923199999,129.65475500000005,2.715969158111893,4.8648751869773905
2017-01-17,14.7367283328,127.89443999999996,2.690342903698722,4.8512052361778055
2017-01-18,14.675341939199997,128.31311,2.686168666239975,4.8544734487863614
2017-01-19,15.986514104400001,127.26646399999998,2.771745498351423,4.846283030165486
2017-01-20,16.450400106,127.922989,2.800349799468784,4.851428434419068
2017-01-23,16.0723679004,127.39012100000001,2.777101518017194,4.847254196960321
2017-01-24,14.77304568,129.34072899999998,2.6928042824622205,4.862450232309969
2017-01-25,15.33362916,130.55873100000002,2.730048400678355,4.871823171499443
2017-01-26,16.0586041824,130.03533899999996,2.7762447920640305,4.867806251975741
2017-01-27,14.8145537664,129.58811999999995,2.6956100601804054,4.864361113049862
2017-01-30,15.700864895999999,127.78024300000003,2.7537157997541213,4.850311936878446
2017-01-31,15.62822208,128.67471299999997,2.749078387483462,4.85728761511084
2017-02-01,16.131039849599997,128.598557,2.7807453568664138,4.856695590900752
2017-02-02,14.978837853600002,128.27504,2.7066383952131114,4.8541767086580325
2017-02-03,14.643965873999997,130.23518399999998,2.6840283648810597,4.869341923683553
2017-02-06,16.413228468,129.25512700000002,2.798087623594427,4.861788179913224
2017-02-07,15.750399119999997,128.684174,2.756865705902946,4.857361138897911
2017-02-08,16.265247801599998,128.455841,2.7890307950751674,4.855585195468701
2017-02-09,15.6855862152,130.26371800000004,2.7527422151998997,4.869560995625086
2017-02-10,16.735740084,131.25332599999996,2.817546557408187,4.877129242103037
2017-02-13,15.417438989999999,131.59585599999994,2.735499270684178,4.879735529033714
2017-02-14,16.3605107712,132.033554,2.7948705514207406,4.883056087253492
2017-02-15,15.848367044399998,132.82333400000005,2.7630664694258833,4.889019929438846
2017-02-16,15.140778101999997,132.45222499999994,2.7173916404799683,4.886222014368977
2017-02-17,16.635031938,132.36659199999994,2.81151082939646,4.885575285379287
2017-02-21,16.306415129999998,133.40376300000003,2.7915585966435,4.893380341479476
2017-02-22,15.186328626,132.813843,2.7203955906201154,4.88894847106761
2017-02-23,15.896368628399998,132.024063,2.7660906949906967,4.882984201427119
2017-02-24,16.02672,131.92892500000002,2.774257329340327,4.882263330602047
2017-02-27,15.050743182,133.21340900000007,2.7114273708394774,4.891952421207757
2017-02-28,15.673156289999998,131.15815700000005,2.751949458548454,4.87640390033762
2017-03-01,15.72299748,133.55599999999998,2.7551244482133694,4.894520865540418
2017-03-02,15.4640289672,132.024063,2.7385166151065516,4.882984201427119
2017-03-03,16.138161936,131.92892500000002,2.7811867738288143,4.882263330602047
2017-03-06,15.455806319999999,131.02497899999995,2.737984746335747,4.87538798441346
2017-03-07,15.2138325024,130.168594,2.72220504707583,4.868830487160144
2017-03-08,15.56085024,129.31219499999997,2.7447581599309108,4.862229596875624
2017-03-09,14.712305682,128.79838599999997,2.688684264818629,4.858248282535838
2017-03-10,15.2546289132,129.36932399999998,2.724882992287707,4.862671290593441
2017-03-13,14.959622867999999,129.67375200000004,2.705354762870281,4.865021696131002
2017-03-14,16.442169619199998,129.05531299999998,2.799849352891302,4.860241095406271
2017-03-15,15.111611712,131.05351300000007,2.7154634358511127,4.875605735972507
2017-03-16,15.9089740992,131.22476199999997,2.7668833587621884,4.876911593457923
2017-03-17,14.841499938,131.74815400000003,2.6974273066208214,4.880892175938112
2017-03-20,15.697370375999999,131.17718500000004,2.7534932063513926,4.876548966571459
2017-03-21,14.630651699999998,127.47575400000001,2.6831187594944588,4.847926181808998
2017-03-22,15.311968514759974,127.50429499999996,2.728634778462401,4.8481500503056205
2017-03-23,15.705048125999998,128.24648999999997,2.7539821973603176,4.853954115255304
2017-03-24,15.1319395884,128.33905000000001,2.716807714455121,4.854675590082101
2017-03-27,16.032240986399998,128.95783576454454,2.7746017563763075,4.8594854963946705
2017-03-28,16.2153691452,129.57960499999993,2.785959505161572,4.86429540270724
2017-03-29,15.265496063999999,129.99948100000003,2.725595122481628,4.867530458139921
2017-03-30,16.025476656,130.98236100000005,2.774179746888555,4.875062665280219
2017-03-31,15.690013646399999,131.19230700000006,2.753024436495997,4.876664239120119
2017-04-03,15.059743768799999,129.80863999999994,2.712025208203103,4.866061365999238
2017-04-04,15.673821551999998,129.65596,2.7519919035971254,4.864884480847102
2017-04-05,15.2419297296,128.18638600000006,2.724050164919691,4.853485345399909
2017-04-06,15.990194015999998,129.37924199999998,2.771975660355741,4.862747951887902
2017-04-07,14.845123814399999,129.32196,2.697671448659217,4.8623051089440485
2017-04-10,15.6187655856,129.60824600000004,2.7484731134781786,4.864516408437302
2017-04-11,16.266908448000002,130.63883999999996,2.789132887687087,4.872436569259652
2017-04-12,15.030860505599998,128.86392199999995,2.7101054546609493,4.858756979379563
2017-04-13,16.171534704,127.60429399999998,2.783252579660431,4.84893402238209
2017-04-17,14.960275175999998,129.10244799999998,2.7053983664948085,4.860606259717746
2017-04-18,16.497771192000002,129.13110400000002,2.803225292509781,4.860828198345749
2017-04-19,16.703371062000002,129.57960499999993,2.8156105590517213,4.86429540270724
2017-04-20,16.06256652,131.23048399999993,2.7764915039698206,4.87695519708245
2017-04-21,16.4679192576,130.93469199999998,2.801414200908026,4.87469866454044
2017-04-24,16.4632425984,132.56643699999995,2.801130174534958,4.88708393108238
2017-04-25,16.720203402,133.854721,2.816617772773948,4.896755040169912
2017-04-26,16.175768928,134.54182400000002,2.783514377309617,4.901875109811938
2017-04-27,16.2529983216,134.50361600000005,2.7882774038539444,4.90159108343887
2017-04-28,15.9941946024,132.70002699999998,2.772225819048383,4.888091144804607
2017-05-01,15.814072320000001,133.46343999999996,2.7609001968012987,4.89382758265654
2017-05-02,15.438509135999999,132.78593400000005,2.7368649813853305,4.888738312757856
2017-05-03,15.057095832,131.96530199999998,2.711849363935117,4.882539024395306
2017-05-04,16.0011333024,131.78393599999995,2.772659551131356,4.881163733001389
2017-05-05,15.781768596,132.63324,2.758855387464418,4.88758772507013
2017-05-08,15.355203634799997,132.07978799999998,2.7314544155957963,4.883406194522759
2017-05-09,16.3763741856,132.02255199999996,2.79583969773155,4.882972756478279
2017-05-10,15.075591989999998,132.84317000000001,2.7130770114939575,4.8891692595180105
2017-05-11,16.1922616056,131.91755700000002,2.7845334494468728,4.882177159280596
2017-05-12,16.064355216,131.22094699999997,2.7766028558146405,4.876882520778359
2017-05-15,15.8126545296,132.24203499999996,2.7608105390629123,4.884633842081599
2017-05-16,16.35588864,132.28971899999993,2.7945879939685794,4.8849943583507835
2017-05-17,15.68238648,130.72983993232953,2.752538202320764,4.873132903158803
2017-05-18,15.8912552004,129.18835399999995,2.765768970531414,4.861271447966823
2017-05-19,16.3739920032,129.80863999999994,2.795694222570114,4.866061365999238
2017-05-22,15.281894099999997,130.686554,2.7266687354801236,4.872801738520855
2017-05-23,16.0649439408,131.115967,2.7766395030379236,4.876082175878337
2017-05-24,15.1574909016,131.20185900000004,2.7184948587062703,4.876737045616924
2017-05-25,15.1419374172,131.28775,2.717468206612212,4.877391479164923
2017-05-26,15.752297048399997,131.24954199999996,2.756986198980247,4.877100411941835
2017-05-30,15.854325458399998,130.21899400000007,2.763442362676568,4.86921760239107
2017-05-31,16.3922915448,130.08537299999995,2.7968111965763836,4.868190950297011
2017-06-01,16.217958873599997,132.59509299999993,2.7861192006700937,4.887300071033839
2017-06-02,16.0739946216,133.45391800000002,2.777202725188007,4.89375623473016
2017-06-05,15.325798505999998,132.62371799999994,2.7295375852609522,4.88751593053493
2017-06-06,16.7024892288,132.49966400000005,2.8155577639317912,4.886580109574005
2017-06-07,16.3515732852,132.62371799999994,2.7943241181083915,4.88751593053493
2017-06-08,16.1093985624,134.43682899999996,2.7794028633076246,4.901094415848593
2017-06-09,16.0141751352,135.13340799999997,2.7734742759713074,4.906262497890338
2017-06-12,16.57628646,134.91397099999998,2.807973147539716,4.904637323455314
2017-06-13,15.250735434,135.60099800000006,2.724627727070952,4.909716735361218
2017-06-14,16.6576724868,134.79945399999997,2.81287092030414,4.9037881480248995
2017-06-15,16.649092387200003,134.11235,2.81235570366138,4.898677881498263
2017-06-16,16.447728246,133.77838100000005,2.80018736712751,4.896184557658594
2017-06-19,15.388184217599997,134.77081299999998,2.7335999563286584,4.903575654262687
2017-06-20,16.2972112068,133.40618899999998,2.790994001567516,4.893398526708189
2017-06-21,15.347556203999998,133.07223500000006,2.7309562564076124,4.890892101086057
2017-06-22,16.333592356799997,133.577988,2.7932238678963626,4.894685487049005
2017-06-23,16.583547110399998,134.46543900000006,2.8084110659327997,4.901307206914439
2017-06-26,16.0005686148,134.62768600000004,2.7726242600333064,4.9025130869952545
2017-06-27,15.330143729999998,133.44438200000002,2.7298210685736257,4.893684776800274
2017-06-28,16.4348409576,135.48649600000002,2.799403530014294,4.908871974836711
2017-06-29,16.538000112,134.68492099999995,2.8056607700722567,4.9029381320868985
2017-06-30,16.482053202,134.47494499999996,2.8022721042209477,4.901377899161267
2017-07-03,16.8035403744,135.60099800000006,2.8215896007788097,4.909716735361218
2017-07-05,15.282747546,135.11438,2.7267245807938103,4.906121678976168
2017-07-06,15.8115619032,133.34994499999993,2.7607414384480236,4.892976838179494
2017-07-07,15.770701000799999,134.64375300000003,2.758153851527907,4.90263242382562
2017-07-10,15.458647721999997,134.05918900000006,2.7381685698639995,4.898281411381452
2017-07-11,16.951854691199998,134.45205700000002,2.8303772491501187,4.9012076819656345
2017-07-12,16.0110544272,135.48712200000006,2.773279385377078,4.908876595212707
2017-07-13,16.7841222084,135.60217300000002,2.8204333328714752,4.9097254004516415
2017-07-14,15.634553142,135.83216900000005,2.749483409880968,4.911420072196929
2017-07-17,16.46891784,136.14842199999998,2.8014748371128535,4.913745628894688
2017-07-18,16.722050176799996,135.793869,2.81672821836922,4.911138066830022
2017-07-19,16.2529933104,137.14520300000007,2.788277095529248,4.92104024046861
2017-07-20,16.2353389128,137.240982,2.7871902807788667,4.9217383733129445
2017-07-21,15.980432616,136.61805699999996,2.771365012312105,4.917189127273131
2017-07-24,16.861113884399998,136.809708,2.825010017081793,4.9185909675828405
2017-07-25,15.510001301999997,138.055603,2.741485061134285,4.927656524296477
2017-07-26,16.437306165600003,137.28894,2.799553517661611,4.9220877559969045
2017-07-27,16.30561152,136.41677899999996,2.791509313597783,4.91571475104034
2017-07-28,16.288624550399998,136.05264300000005,2.790466983837314,4.913041891721927
2017-07-31,15.5654397276,135.62133800000007,2.7450530545449516,4.909866723008534
2017-08-01,16.6088009232,135.88009599999998,2.809932730965192,4.911772849797874
2017-08-02,15.666959384399998,134.39459200000002,2.7515539969780414,4.900780189184237
2017-08-03,15.295854695999997,133.72370899999999,2.7275818567869377,4.895775798229751
2017-08-04,16.759826496000002,134.37541199999995,2.8189847427330488,4.900637464923738
2017-08-07,16.298804620800002,134.27475029675372,2.791091768976251,4.899888076149159
2017-08-08,15.694927320000001,134.174164,2.7533375595090632,4.899138687374579
2017-08-09,15.773660258400001,133.01449599999998,2.7583414766685377,4.890458114763708
2017-08-10,15.80188476,130.59939600000004,2.7601292215261957,4.872134592023061
2017-08-11,15.490354672799997,130.79106100000004,2.7402175510549625,4.873601095709154
2017-08-14,15.5178168,132.774918,2.741988834757013,4.88865534872213
2017-08-15,15.3614983896,131.68237299999996,2.731864274367947,4.880392757726287
2017-08-16,15.661382796000002,131.72070300000004,2.7511979878137653,4.880683794572573
2017-08-17,15.830965835999997,129.31513999999999,2.7619678850449683,4.862252370957104
2017-08-18,15.805415058,129.30554200000003,2.7603526065059323,4.86217814642154
2017-08-21,15.226310306399998,129.21933,2.7230248727105026,4.8615111931606885
2017-08-22,15.584658011999998,130.61853,2.746286969571418,4.872281090391891
2017-08-23,15.6506945364,130.407715,2.7505152953241128,4.870665811852855
2017-08-24,15.9703562592,130.81022600000003,2.7707342700056525,4.873747616395303
2017-08-25,15.595174728,131.18398999999997,2.7469615541008805,4.87660084162501
2017-08-28,16.06985052,131.73985300000004,2.7769448779015544,4.880829167377706
2017-08-29,15.514275571199997,131.76861600000004,2.7417606046542526,4.881047475352576
2017-08-30,16.4856064548,132.61203,2.802487664127277,4.887427797618491
2017-08-31,16.5199577376,133.915421,2.804569209832901,4.897208414101645
2017-09-01,16.4785000728,134.672531,2.802056505339209,4.902846135374599
2017-09-05,15.3586020096,133.37869300000003,2.7316757085774097,4.893192398085824
2017-09-06,16.3185146352,133.65661600000004,2.7923003303938443,4.895273943791448
2017-09-07,16.4785000728,133.321198,2.802056505339209,4.892761239297756
2017-09-08,15.5185874472,133.321198,2.7420384956129564,4.892761239297756
2017-09-11,15.8385583224,133.77965003163763,2.7624473672441634,4.89619404368772
2017-09-12,15.5185874472,134.23967854374837,2.7420384956129564,4.899626848077682
2017-09-13,16.1585291976,134.70128895738077,2.782448033950833,4.903059652467645
2017-09-14,16.4785000728,135.1644867122248,2.802056505339209,4.906492456857609
2017-09-15,15.198616571999999,135.62927726667567,2.7212044087101144,4.909925261247572
2017-09-18,15.5185874472,136.0956660978984,2.7420384956129564,4.913358065637535
2017-09-19,16.798470948000002,136.56365870189256,2.821287867267097,4.916790870027498
2017-09-20,15.953688230399997,137.03326059355686,2.7696900395153694,4.9202236744174614
2017-09-21,16.0044908544,137.50447730675384,2.7728693612569684,4.923656478807425
2017-09-22,16.997600040000002,137.97731439437538,2.8330721599725655,4.927089283197388
2017-09-25,17.04256164,138.45177742840832,2.835713841088515,4.9305220875873506
2017-09-26,17.766227232,138.92787199999998,2.8772993085392704,4.933954891977314
2017-09-27,17.6385840696,141.646667,2.8700887791937184,4.9533356961726565
2017-09-28,17.1574673688,142.02134699999996,2.8424334939366847,4.9559773772886055
2017-09-29,18.139210739999996,142.35758999999993,2.8980759343688756,4.95834213158608
2017-10-02,18.015610080000002,144.10607899999997,2.891238608739053,4.97054968809763
2017-10-03,16.9525238064,144.423126,2.830416719875125,4.972747365990277
2017-10-04,17.916097305599997,143.96199,2.8856995995426287,4.969549306399535
2017-10-05,16.5855234816,144.35585,2.8085302354583286,4.972281431785863
2017-10-06,17.9544650688,144.15411399999994,2.887838834352024,4.970882963392735
2017-10-09,17.768761708800003,143.55847200000005,2.8774419553715815,4.966742422589439
2017-10-10,17.5645045296,143.97155799999996,2.865880077497568,4.969615766178674
2017-10-11,16.5169055232,143.865906,2.804384433549233,4.968881657398834
2017-10-12,18.013314564,143.76020800000003,2.8911111824544338,4.968146689330128
2017-10-13,17.582141023200002,143.50085399999998,2.866883672281816,4.966340986401479
2017-10-16,16.8666601656,143.375916,2.8253389021865005,4.965469964269579
2017-10-17,17.809140716399998,142.96281400000004,2.8797118488832827,4.962584554485093
2017-10-18,16.818079488,143.64494299999996,2.822454467764146,4.967344581185727
2017-10-19,18.056896326,143.42398100000003,2.8935276797319647,4.9658051457041115
2017-10-20,17.627459840399997,144.086899,2.869457904372752,4.970416582841829
2017-10-23,18.00726417,143.01087999999996,2.8907752414857124,4.962920711281757
2017-10-24,16.9231470912,143.30870099999999,2.8286823351804107,4.9650010517626235
2017-10-25,17.5989663324,142.61698899999993,2.8678401692057305,4.9601626383312984
2017-10-26,16.863270463200003,142.91479500000005,2.825137911413723,4.962248613516372
2017-10-27,17.606085939600003,143.90431200000006,2.868244634294551,4.969148578698022
2017-10-30,17.6583353676,142.38645900000006,2.8712079306877567,4.958544903164277
2017-10-31,17.6464574076,143.39515699999998,2.8705350497832405,4.9656041549313334
2017-11-01,17.838163948800002,142.44406099999995,2.8813402041873153,4.958949368253097
2017-11-02,17.6247474624,142.866791,2.869304020221212,4.961912664646303
2017-11-03,17.139632168400002,142.77069099999997,2.8413934525192857,4.961239783741787
2017-11-06,17.079083920800002,142.934006,2.8378545523084533,4.962383027234125
2017-11-07,16.897302240000002,141.22393800000003,2.8271539784174498,4.950346843268022
2017-11-08,16.90191288,141.41610699999995,2.827426803689411,4.951706657866208
2017-11-09,17.3614754832,140.916534,2.85425369889237,4.948167757655376
2017-11-10,17.628383556,140.81085200000007,2.8695103050820374,4.947417514617541
2017-11-13,17.37754944347997,140.84927399999998,2.8551791112469784,4.947690339889502
2017-11-14,17.456319453599995,140.465012,2.859701729427387,4.944958432850917
2017-11-15,17.9280885888,139.90780600000002,2.886368677851879,4.940983677112697
2017-11-16,18.11512872,141.96373000000003,2.8967474300352922,4.955571602440158
2017-11-17,18.091144032,142.61698899999993,2.8954225385352625,4.9601626383312984
2017-11-20,17.228224292399997,143.654556,2.846548986169109,4.967411500898689
2017-11-21,17.175727166399998,145.15327499999995,2.843497175867179,4.977790253082102
2017-11-22,18.503569854,144.96109000000004,2.9179636785499934,4.976465361582073
2017-11-24,18.2116742748,145.018723,2.90206283211602,4.9768628582227015
2017-11-27,17.182116650399998,144.576828,2.843869113297696,4.973811047920772
2017-11-28,17.64088992,146.85372899999993,2.87021949828573,4.989437050580652
2017-11-29,16.696418112,147.343643,2.8151942121062827,4.9927675660745665
2017-11-30,17.921945245200003,147.61268599999997,2.886025953284947,4.994591856982495
2017-12-01,17.31809328,147.00741600000006,2.8517518093143717,4.9904830344858215
2017-12-04,16.7415803136,146.45980800000007,2.8178954640464653,4.986751042693925
2017-12-05,17.280730328399997,144.99955700000007,2.849592026857796,4.976730687243494
2017-12-06,18.320785686,144.31744400000005,2.908036245116765,4.972015345514463
2017-12-07,17.5681245876,145.32621799999998,2.8660861570369467,4.978980994766811
2017-12-08,18.0228739152,145.460693,2.8916417242141286,4.9799058989113885
2017-12-11,16.958172604799998,145.40306099999998,2.8307498772001027,4.979509617147424
2017-12-12,18.2530073856,144.95152299999998,2.904329854704463,4.976399362383869
2017-12-13,17.788456439999997,145.81613200000004,2.8785497323147404,4.9823464581726755
2017-12-14,16.765413762,144.202148,2.8193180597210095,4.971216120717713
2017-12-15,18.036040370400002,146.25807200000006,2.8923719988796863,4.985372677751273
2017-12-18,18.115007587199997,148.23713700000005,2.896740743182172,4.998813268514832
2017-12-19,16.841036916,147.06503300000006,2.823818581502867,4.9908748903086515
2017-12-20,17.560447660799998,147.35327100000003,2.8656490810938693,4.992832907783598
2017-12-21,17.1888499248,147.99842799999996,2.8442609134218735,4.997201652086083
2017-12-22,16.900402644,147.728394,2.827337446733972,4.9953754120905085
2017-12-26,17.466504065999995,147.81521600000002,2.8602849934170824,4.995962953147462
2017-12-27,17.2752814644,147.67053200000004,2.8492766626845327,4.9949836571066735
2017-12-28,18.5412093984,148.24914599999997,2.919995789854865,4.998894277321614
2017-12-29,17.875535879999997,147.024445,2.8834330674314,4.990598865470675
2018-01-02,17.3751847908,148.41307099999995,2.8550430268360265,4.999999406369332
2018-01-03,18.657950438399997,148.56738299999998,2.9262723522162357,5.001038612901675
2018-01-04,18.0951991476,148.96279899999996,2.8956466626252184,5.003696603631491
2018-01-05,17.739164322,149.271347,2.875774868782011,5.005765770520826
2018-01-08,17.314863324,149.50280800000004,2.8515652843204884,5.007315175263046
2018-01-09,19.034647007999997,149.30032299999996,2.9462608452968695,5.005959867972141
2018-01-10,18.2494769304,149.31956500000004,2.904136418269811,5.006088740835604
2018-01-11,17.8752538608,151.88476600000004,2.8834172904820212,5.02312211490813
2018-01-12,18.8396774592,152.52120999999994,2.9359651490016683,5.027303668343679
2018-01-16,18.720534218399997,150.57324200000002,2.9296210079499567,5.014449623616734
2018-01-17,18.0827854032,152.000458,2.8949604030095255,5.023883533999632
2018-01-18,18.695954459999996,150.95895399999998,2.9283071614184424,5.017007972048478
2018-01-19,18.7642042128,152.945541,2.931951023630183,5.030081916853868
2018-01-22,17.483062685999997,153.765182,2.8612325657493227,5.035426646527136
2018-01-23,19.2079512768,154.25705,2.955324322305989,5.0386203667653655
2018-01-24,17.446783668,153.30232199999995,2.859155314639909,5.032411932534094
2018-01-25,17.461571443199997,153.36019899999997,2.8600025488357033,5.032789396336964
2018-01-26,18.637073585999996,153.90986599999997,2.925152800472983,5.0363671453527985
2018-01-29,17.243402765999996,153.04196200000004,2.847429621977521,5.030712145227551
2018-01-30,17.0894109312,151.576141,2.838459027908516,5.0210880795560495
2018-01-31,16.7752032336,150.78538499999993,2.8199017980511223,5.01585753443153
2018-02-01,16.975935732,151.25791900000002,2.8317967960491925,5.018986452565163
2018-02-02,16.992945160799998,148.34558100000004,2.8327982673826346,4.9995445586288625
2018-02-05,16.662260141999997,146.33577341675993,2.813146290322447,4.985903799097833
2018-02-06,16.98447696,144.353195,2.832299806908192,4.972263039566803
2018-02-07,16.288061334000002,144.49783299999999,2.790432405955325,4.973264510900245
2018-02-08,16.838710055999996,140.254715,2.8236804058802507,4.94346016237604
2018-02-09,18.0160786344,141.53730799999994,2.8912646166458007,4.952563343108283
2018-02-12,18.035922743999997,142.87773099999998,2.89236547711653,4.9619892365429665
2018-02-13,18.986901160800002,143.18631,2.9437493288228276,4.964146649397861
2018-02-14,18.5315812032,145.76115400000003,2.919476368723613,4.981969350604348
2018-02-15,17.93570796,147.35231,2.8867935838600465,4.992826386020441
2018-02-16,18.915079722,147.87306199999995,2.9399594728263088,4.996354216549103
2018-02-20,18.268698419999996,146.65795900000003,2.905189126472817,4.988103066027157
2018-02-21,18.0465663456,146.81227100000007,2.8929554365221732,4.989154702605229
2018-02-22,19.040620104000002,146.58081100000004,2.946574597320273,4.9875768872972435
2018-02-23,18.676966014,148.49023400000004,2.927291000658561,5.000519191770423
2018-02-26,18.5190750144,149.46423299999998,2.918801282743947,5.0070571200601375
2018-02-27,18.682367424,147.31370499999997,2.92758016053057,4.992564360552585
2018-02-28,18.6442271832,144.98966999999993,2.9255365637612916,4.976662498503476
2018-03-01,18.758302452000002,144.60389700000005,2.9316364518505638,4.973998259568983
2018-03-02,20.265182388000003,146.918365,3.0089042601878093,4.989877092384235
2018-03-05,19.0707523968,148.22988900000004,2.9481558733070146,4.99876437268922
2018-03-06,18.797985954,149.83070399999997,2.933749733990681,5.009506016702494
2018-03-07,18.8854110432,150.33613051797116,2.9383897215192927,5.012873657211166
2018-03-08,19.7217558432,150.84326199999998,2.981722383912605,5.016241297719838
2018-03-09,19.170085711200002,153.25410499999995,2.953351028158669,5.032097360754475
2018-03-12,19.888393404000002,153.524109,2.9901363155461658,5.033857616583576
2018-03-13,19.4586657444,152.810516,2.968292510399018,5.029198696353824
2018-03-14,19.565585952,152.08726499999997,2.973772204204458,5.024454467949227
2018-03-15,18.1002979872,151.32540900000004,2.8959284015174758,5.0194325445661025
2018-03-16,19.385186270400002,152.17404199999993,2.964509180073373,5.025024878976567
2018-03-19,18.6608972844,150.70822099999995,2.9264302802438116,5.015345656234784
2018-03-20,19.177721244,150.669647,2.953749253429273,5.015089671941932
2018-03-21,19.019438798400003,151.547241,2.94546155081443,5.020897398125294
2018-03-22,18.899579820000003,148.22413600000002,2.939139690072436,4.998725560600224
2018-03-23,17.775878803199998,145.034439,2.877842414872231,4.976971224564285
2018-03-26,18.0018470736,148.204788,2.8904743678315854,4.998595020032412
2018-03-27,19.574516808000002,145.33409099999994,2.9742285574342775,4.979035167970087
2018-03-28,19.0096991028,145.28576700000005,2.944949328011049,4.9787026098250395
2018-03-29,18.6832305384,146.754929,2.9276263588759583,4.988764045878392
2018-04-02,19.2136053888,143.17863500000007,2.955618642085379,4.964093046468203
2018-04-03,19.0766612352,145.22776799999994,2.9484656630350554,4.978303323776142
2018-04-04,18.129943188,147.07391399999995,2.8975648911711165,4.990935276735496
2018-04-05,19.1064434868,148.291794,2.9500256334909127,4.999181913830044
2018-04-06,18.5618322096,145.33409099999994,2.9211074406753896,4.979035167970087
2018-04-09,18.399388362,145.508026,2.9123174228667867,4.9802312466022345
2018-04-10,19.361885376,148.25312800000006,2.9633064622307748,4.998921137149342
2018-04-11,18.320899484399995,148.57212799999994,2.908042456534142,5.001070550761331
2018-04-12,18.944175726,149.58699000000004,2.941496534735431,5.00787809651804
2018-04-13,18.015397319999998,148.80407700000006,2.8912267989110543,5.002630521217189
2018-04-16,18.986890235999997,150.176636,2.9437487534365094,5.011812174633937
2018-04-17,18.2431974744,151.81013499999997,2.9037922694144918,5.02263062821371
2018-04-18,19.405268496,152.21607999999998,2.965544601159056,5.02530109030689
2018-04-19,17.94232176,151.16253699999996,2.887162266317056,5.018355661881065
2018-04-20,18.13908942,150.35060099999998,2.898069246073147,5.01296990676609
2018-04-23,19.657453860000004,150.12831099999997,2.9784565976850526,5.011490335111145
2018-04-24,19.731454116000005,149.268005,2.9822140180790204,5.005743381512625
2018-04-25,18.9106684344,149.045731,2.939726230242355,5.004253178318403
2018-04-26,18.6048364812,149.73200999999995,2.923421572789256,5.008847096223018
2018-04-27,19.8554983368,149.51934800000004,2.988480963074591,5.007425802517147
2018-04-30,19.7710479072,148.19517499999998,2.9842186406943547,4.998530154977058
2018-05-01,19.8775266192,148.92010500000006,2.9895897779549743,5.003409954080819
2018-05-02,19.2438568608,149.480713,2.9571918856885717,5.007167374474786
2018-05-03,18.53966496,148.66877700000003,2.919912488777012,5.00172085831847
2018-05-04,18.838287547199997,150.524567,2.9358913704947662,5.014126306747802
2018-05-07,20.31963318,151.80044600000005,3.0115875703819843,5.02256680303363
2018-05-08,18.851582168400004,152.554382,2.936596845034833,5.027521135758318
2018-05-09,20.4383342424,153.37597699999995,3.0174122670243912,5.032892273018937
2018-05-10,19.9016294472,154.19757100000004,2.990801610147162,5.038234708735382
2018-05-11,19.844196372,154.49720799999994,2.9879115901769793,5.040176024977103
2018-05-14,19.137606832799996,153.90757800000006,2.951655343348364,5.036352279398678
2018-05-15,18.974589018,153.93661500000005,2.9431006639166966,5.036540926777751
2018-05-16,20.673047736,155.541107,3.0288308101393393,5.046910050381756
2018-05-17,20.4484452132,156.25637799999996,3.0179068509041067,5.05149810698343
2018-05-18,19.483906790400003,156.45935100000003,2.969588832028111,5.052796238223277
2018-05-21,19.03145688,157.49362200000004,2.9460932353929583,5.059384962207639
2018-05-22,19.823487894,156.35299700000002,2.986867491926,5.052116252252276
2018-05-23,19.573727981999998,156.55601499999997,2.9741882580030086,5.053413869263619
2018-05-24,20.250800570400003,156.61399799999995,3.0081943271118274,5.053784166535105
2018-05-25,20.952898172399998,156.33367900000005,3.042276974385111,5.051992690863146
2018-05-29,21.104608776000003,156.12104799999997,3.0494914420335095,5.050631655074921
2018-05-30,21.182124744000003,158.59547400000002,3.053157653555303,5.06635677159305
2018-05-31,21.245921268,157.32926900000007,3.0561649366181114,5.058340863956659
2018-06-01,21.0843808176,158.363495,3.0485325207535796,5.064892991961555
2018-06-04,21.180467020800002,159.20440700000003,3.0530793900151467,5.070188955187943
2018-06-05,19.5486171852,160.19035300000004,2.9729045517149,5.07636281434415
2018-06-06,21.014959593600004,161.35021999999995,3.045234545714332,5.0835772819925475
2018-06-07,21.21586137,160.47064200000005,3.054749079762647,5.078111009951069
2018-06-08,21.120186369600003,160.95394900000005,3.0502292831173086,5.081118293013878
2018-06-11,20.925867378,161.19557199999997,3.040986067272711,5.082618360712618
2018-06-12,19.9117751688,161.93017599999996,2.9913112737600818,5.087165229974185
2018-06-13,21.48323166,161.29222100000007,3.0672727080449103,5.083217757061823
2018-06-14,19.465257599999997,162.15246600000003,2.9686312149846112,5.088537040778295
2018-06-15,20.296291742399998,162.20077500000002,3.010438196572858,5.088834919721686
2018-06-18,20.0291450112,162.96440099999998,2.9971884633547967,5.093531778181271
2018-06-19,19.1397669228,162.974045,2.951768208458499,5.093590954998987
2018-06-20,20.7190026588,164.288574,3.031051282004994,5.101624479107005
2018-06-21,18.99550236,162.75175499999995,2.9442022332496003,5.092226064440676
2018-06-22,20.274163394400002,162.21048000000005,3.009347336235219,5.088894751184703
2018-06-25,21.123095795999998,159.56204199999993,3.050367029346079,5.072432824648973
2018-06-26,20.1985303104,160.48994399999998,3.0056098448493556,5.078231286401606
2018-06-27,21.544381584000003,157.918869,3.0701150671979707,5.062081413805422
2018-06-28,20.103378206400002,158.402161,3.0008878709130045,5.065137121964033
2018-06-29,21.581518596000002,158.29585300000002,3.071837327882366,5.064465769449692
2018-07-02,19.6476248592,159.38807699999995,2.977956458704281,5.071341964311334
2018-07-03,20.720228990400003,160.023453,3.031110468990445,5.075320385741845
2018-07-05,21.438098352,161.84719799999993,3.065169636000198,5.086652667896165
2018-07-06,19.41351744,163.215012,2.965969598691836,5.0950684235937365
2018-07-09,20.669637098400003,164.243286,3.0286658166164755,5.101348779816916
2018-07-10,20.532087953999998,163.496353,3.0219889284410733,5.096790684278132
2018-07-11,21.268327852800002,162.10911599999997,3.0572190108326627,5.088269664051204
2018-07-12,20.2009523736,162.89488199999994,3.005729750503685,5.09310509706656
2018-07-13,19.63702332,162.40983600000007,2.977416729321495,5.0901229923959646
2018-07-16,20.010313093199997,162.4534856343129,2.996247795309813,5.090391718544278
2018-07-17,21.448342343999997,162.49714700000004,3.065647362387773,5.090660444692591
2018-07-18,20.387394768,162.95307900000006,3.014916806339697,5.0934623004717325
2018-07-19,20.3920023648,164.10746800000007,3.0151427830408535,5.100521505896626
2018-07-20,20.2612057848,163.43812599999995,3.008708012587564,5.096434484462232
2018-07-23,20.27418561,163.64186100000006,3.0093484319937667,5.0976802655215865
2018-07-24,20.839617144,161.895737,3.0368558455072003,5.08695252926836
2018-07-25,20.2142693376,162.48744199999993,3.0063887578735873,5.090600718783539
2018-07-26,20.725128744000003,163.36053500000003,3.03134691301654,5.095959629386507
2018-07-27,20.646196555200003,160.31448399999996,3.0275311162538205,5.0771374111169685
2018-07-30,21.086032363199998,159.286209,3.0486108479728915,5.070702640663679
2018-07-31,19.7017095108,160.90623500000007,2.980705409176989,5.080821804024426
2018-08-01,20.925671439600002,160.799515,3.0409767037747115,5.080158340571163
2018-08-02,21.257165524800005,161.97331199999996,3.0566940396979487,5.087431580920397
2018-08-03,21.132816057600003,161.41066000000004,3.0508270957057935,5.083951800742816
2018-08-06,19.9715819256,162.31286599999996,2.9943103593930274,5.0895257443299355
2018-08-07,21.074449435200002,162.70086699999996,3.0480613794755054,5.091913343036854
2018-08-08,20.489309946000002,162.55535899999995,3.0199032840848767,5.091018614523912
2018-08-09,21.557183472,162.97251900000006,3.070709100772381,5.093581591500988
2018-08-10,20.83128642,162.51655599999995,3.036456011407218,5.090779879656987
2018-08-13,20.871887652,161.56587199999996,3.0384031651062573,5.084912935664832
2018-08-14,21.1224900864,163.16651899999994,3.0503383537063695,5.094771268296938
2018-08-15,20.4623386872,161.11964400000005,3.0185860593283667,5.082147219434544
2018-08-16,20.5738439328,162.61357099999998,3.0240205570282734,5.091376656115536
2018-08-17,21.6040090896,163.31199599999994,3.0728789034674566,5.095662457168147
2018-08-20,21.023450657999998,163.76797500000006,3.0456385126800023,5.0984506394833335
2018-08-21,20.8837591872,165.649902,3.0389717845107453,5.109876537136916
2018-08-22,21.067455275999997,166.05731200000005,3.0477294457714095,5.112332981782485
2018-08-23,20.463683124,165.552902,3.018651760158351,5.109290793286913
2018-08-24,21.6555516576,166.45504800000003,3.075261849179332,5.11472529098682
2018-08-27,20.1978646176,166.697601,3.005576886819252,5.1161813985314195
2018-08-28,19.86285648,166.85278300000002,2.9888514790900764,5.117111884710662
2018-08-29,21.4405694928,167.33781400000007,3.0652848980140126,5.120014607557556
2018-08-30,20.870662932000002,167.20202599999993,3.0383444854145174,5.119202817802068
2018-08-31,20.705795011200003,168.84227000000007,3.0304136133238937,5.128964965505275
2018-09-04,20.4575426364,167.09530599999997,3.018351647562407,5.118564344243294
2018-09-05,21.4556560992,166.64904799999996,3.0659882982229503,5.1158900921661745
2018-09-06,21.346674367200002,165.52380399999998,3.0608959601973784,5.109115015290167
2018-09-07,21.712124808000002,165.43649300000007,3.0778708514179227,5.1085873930779755
2018-09-10,20.2173681024,165.64018200000007,3.0065420420343223,5.109817857445177
2018-09-11,21.328676352,165.91181900000007,3.0600524748615223,5.111456436370704
2018-09-12,21.526058447999997,165.51409899999996,3.0692642220665163,5.109056381520953
2018-09-13,19.83607728,165.552902,2.987502364566062,5.109290793286913
2018-09-14,20.750880654,166.25135800000004,3.0325886869327334,5.113500847923655
2018-09-17,21.376451707199998,164.48579400000006,3.0622899286429437,5.102824207813689
2018-09-18,21.181064932800002,165.17457599999997,3.0531076190225725,5.1070029509382335
2018-09-19,21.574587936,164.57312000000002,3.0715161376445748,5.103354969925485
2018-09-20,19.67279292,166.09613000000004,2.979236611136965,5.11256671713048
2018-09-21,21.355042368,165.300644,3.061287888276477,5.107765900766153
2018-09-24,19.9717286496,164.68952899999996,2.994317706004907,5.104062058963392
2018-09-25,20.5339571832,164.94175699999997,3.0220799637085327,5.105592423706907
2018-09-26,19.290702858000003,163.43414300000006,2.9596232626457617,5.096410114086535
2018-09-27,18.92696412,163.44384800000003,2.9405875783504363,5.096469494040341
2018-09-28,19.2650233968,163.93994100000003,2.9582911925492237,5.099500147337056
2018-10-01,19.3781586684,161.78062399999993,2.9641465899982347,5.086241244672243
2018-10-02,19.735208971200002,160.02987699999997,2.982404297921176,5.075360529051717
2018-10-03,18.282842589599998,161.430481,2.9059630566500583,5.084074591784648
2018-10-04,19.720644108000002,159.16421500000007,2.9816660113185605,5.069936467992685
2018-10-05,18.3542755968,157.72470100000007,2.90986254991011,5.060851114550528
2018-10-08,20.367731340000002,157.393982,3.0139518514295505,5.058752101453135
2018-10-09,19.385550883199965,156.78121899999994,2.964527988733035,5.054851323956781
2018-10-10,19.7194771932,153.03056072627365,2.981606837322039,5.030637644755375
2018-10-11,18.79483914,149.36962900000006,2.933582318320298,5.00642396555397
2018-10-12,18.2185552944,149.39881900000006,2.90244059639383,5.006619367714327
2018-10-15,18.2324692332,149.953232,2.9032040284046503,5.010323458814021
2018-10-16,18.738463128000003,154.300995,2.930578263201788,5.038905207825317
2018-10-17,19.144173312000003,153.63957200000002,2.951998403636552,5.034609417740942
2018-10-18,17.729951926800002,150.76052900000002,2.8752554086780413,5.015692677281078
2018-10-19,17.461384610399996,149.79940382808869,2.8599918491229,5.00929709128941
2018-10-22,17.47616088,148.84440599999996,2.8608377168147268,5.002901505297741
2018-10-23,18.0365095908,147.51188699999997,2.8923980142515147,4.993908762363197
2018-10-24,18.273317421599998,141.95805400000003,2.9054419314436553,4.955531619597554
2018-10-25,19.771999104,145.03161600000007,2.9842667501281026,4.9769517600323185
2018-10-26,18.3197497392,143.44621299999997,2.907979698628661,4.965960142636588
2018-10-29,19.673674434000002,142.65837099999993,2.979281418920709,4.960452758026811
2018-10-30,20.20981116,145.63467399999996,3.0061681874827113,4.981101253014818
2018-10-31,19.0564721568,145.92645300000004,2.9474067896359664,4.983102748210062
2018-11-01,18.7032364896,149.29180899999994,2.928696583195071,5.0059028403475665
2018-11-02,17.7221065248,149.78787200000002,2.8748128164861786,5.009220106523869
2018-11-05,17.7212191104,149.67115799999996,2.8747627413657275,5.008440607532572
2018-11-06,17.968850140799997,150.41035499999995,2.888639711035312,5.0133672588797475
2018-11-07,17.434010485199998,153.10463000000004,2.858422924011711,5.031121543878478
2018-11-08,17.835205471200002,152.696091,2.881174339417327,5.028449612682776
2018-11-09,19.074847968000004,149.865677,2.9483706069159537,5.009739406241881
2018-11-12,18.539943394079966,149.0072743805808,2.919927506955053,5.003995126099916
2018-11-13,18.413973278533298,148.15378853111028,2.9131097937151114,4.99825084595795
2018-11-14,18.18949354334996,147.30519128924814,2.9008441495558306,4.992506565815985
2018-11-15,18.06563945571424,146.46145465396282,2.894011761466304,4.98676228567402
2018-11-16,17.959373283399948,145.62255078460714,2.888112167131571,4.981018005532055
2018-11-19,17.76912048,144.78845199999998,2.877462146287748,4.97527372539009
2018-11-20,18.075691238399997,141.99694799999995,2.894568010101973,4.955805564412537
2018-11-21,18.704149758,143.98117099999996,2.928745411434186,4.969682534082121
2018-11-23,18.883075301999998,143.84497099999996,2.9382660342112215,4.968736129358634
2018-11-26,17.734761202799998,145.71246299999999,2.875526623392899,4.981635248321238
2018-11-27,18.3835254216,144.506424,2.9114549060212354,4.97332396331172
2018-11-28,18.490672992000004,148.07600400000007,2.9172664423569916,4.9977256824878395
2018-11-29,16.76067996,147.67721599999993,2.8190356646367083,4.995028919005884
2018-11-30,17.580329928,148.44563299999993,2.8667806593164236,5.000218783464844
2018-12-03,18.593385096000002,149.865677,2.922805877464253,5.009739406241881
2018-12-04,16.66380252,143.485123,2.8132388531923396,4.966231357351446
2018-12-06,16.9040444904,141.77277190315942,2.8275529122553937,4.954225578052101
2018-12-07,17.650820616,140.080856,2.870782276122864,4.942219798752758
2018-12-10,17.628918648,139.67233300000007,2.8695406586239476,4.9392992008368
2018-12-11,16.9479330048,139.52642800000004,2.8301458797708965,4.938254031347083
2018-12-12,16.6684157424,140.85897799999995,2.813515655797743,4.947759233860019
2018-12-13,15.784871256,138.86502100000007,2.759051965879133,4.933502389392431
2018-12-14,15.9209395776,136.76411400000003,2.7676351973681697,4.918257646213941
2018-12-17,15.9136169256,133.71833800000005,2.767175153131121,4.8957356325186305
2018-12-18,16.1351054592,133.55241399999997,2.780997361534626,4.894494015019713
2018-12-19,16.6481583336,130.77108799999993,2.812299599714055,4.873448374834859
2018-12-20,17.0920907916,128.61431900000002,2.8386158297030786,4.856818150861706
2018-12-21,17.346805344,125.27675600000005,2.853408359410035,4.830525337909792
2018-12-24,15.48759156,122.84675599999996,2.7400391588021926,4.810937692432132
2018-12-26,16.06611144,128.75094600000003,2.7767121741149663,4.857879887089668
2018-12-27,17.981882028,129.28770400000002,2.8893646969805,4.862040184581436
2018-12-28,18.0915783252,129.65855400000004,2.8954465440921546,4.864904487440332
2018-12-31,17.9062298796,130.67347699999996,2.885148690262026,4.872701669662117
2019-01-02,17.8307475576,131.41519200000002,2.88092435795071,4.878361715805801
2019-01-03,18.003969885600004,129.06326300000006,2.8905922827787656,4.860302695002284
2019-01-04,17.1584339316,133.88426199999995,2.8424898271678476,4.896975710315057
2019-01-07,17.639163612,136.22637900000007,2.870121635168838,4.914318053376267
2019-01-08,18.447717818400005,138.31481900000006,2.914940667355945,4.9295323840511935
2019-01-09,17.077924799999998,139.45661899999993,2.8377866821498032,4.9377535779883015
2019-01-10,18.116266392,140.17883300000003,2.8968102303771976,4.942918986026825
2019-01-11,18.678795564,140.21783400000004,2.927388953420019,4.943197170505042
2019-01-14,18.457928589599998,138.82228099999995,2.9154940120310466,4.933194561126394
2019-01-15,17.3764800144,139.99336200000002,2.855117568508079,4.941595007199497
2019-01-16,17.427304610399997,141.03759800000006,2.858038206747642,4.949026507314984
2019-01-17,17.6771084772,142.31604000000004,2.8722704961644356,4.958050218349895
2019-01-18,17.4636763056,143.77989199999996,2.8601230841239675,4.9682836024078565
2019-01-22,18.0009736608,141.50602700000005,2.8904258486998975,4.952342309815785
2019-01-23,19.0272406908,141.115662,2.9458716729388357,4.9495798519900855
2019-01-24,18.1690450656,141.964706,2.8997193254738787,4.955578477411991
2019-01-25,18.2090527188,143.78964199999993,2.9019188725511826,4.968351412094565
2019-01-28,17.697429239999998,143.01867699999997,2.8734193883533687,4.962975230122982
2019-01-29,18.3821815008,142.67709400000007,2.9113817987202695,4.960583993027879
2019-01-30,19.282957056,144.23857099999995,2.959221651695627,4.971468671746707
2019-01-31,18.777108914400003,145.46820100000005,2.932638517009254,4.979957512897875
2019-02-01,18.756790524,145.585297,2.931555848131853,4.9807621485206885
2019-02-04,18.453912229199997,147.32243300000005,2.915276392951274,4.99262360650973
2019-02-05,18.5057787444,147.47857700000006,2.9180830478707884,4.99368292455346
2019-02-06,18.5479985268,147.29312100000004,2.920361887102858,4.992424621767079
2019-02-07,19.9412020284,146.08300799999995,2.9927880449835897,4.984175008091393
2019-02-08,19.26228843,146.23916600000004,2.9581492170687183,4.98524340473553
2019-02-11,18.616013727600002,147.45904499999997,2.9240221634083996,4.993550476207968
2019-02-12,19.4631177504,149.30349699999996,2.9685212772036023,5.005981126909821
2019-02-13,20.372768724,149.72312900000006,3.0141991426516888,5.008787781829335
2019-02-14,20.192669083200002,150.06471299999998,3.0053196218636984,5.0110666210614045
2019-02-15,19.685577691200002,152.45567300000002,2.9798862707367464,5.026873884942629
2019-02-19,19.7131420896,152.87530499999997,2.9812855244714234,5.029622589099377
2019-02-20,19.094670441599998,153.59747300000004,2.9494092616440186,5.034335368755323
2019-02-21,19.457802252,153.01193199999994,2.968248133689383,5.030515905279717
2019-02-22,18.36377376,154.33915699999997,2.9103799065550424,5.0391524990474545
2019-02-25,18.461068375199996,154.37820399999995,2.9156641025462666,5.039405461822737
2019-02-26,18.457531484399997,153.314468,2.9154724977278677,5.0324911584630225
2019-02-27,18.473526864,153.529144,2.9163387269298195,5.0338904121976995
2019-02-28,17.935905987599998,153.00216699999996,2.8868046247683417,5.030452084690828
2019-03-01,18.06865728,154.42700199999993,2.894178795257765,5.039721505720042
2019-03-04,19.5242708448,153.031448,2.971658350331876,5.030643442755133
2019-03-05,19.601424576000003,152.31904599999996,2.97560224604421,5.025977307893189
2019-03-06,18.2564453244,149.33277899999996,2.9045181861394735,5.006177231686414
2019-03-07,19.7548355724,148.02505500000004,2.9833983004877886,4.997381549976629
2019-03-08,19.8812068152,147.986023,2.9897749043758943,4.997117830115265
2019-03-11,18.5100677856,150.57214400000004,2.9183147886856697,5.014442331457857
2019-03-12,19.255597677599997,150.650238,2.9578018069097802,5.014960845395839
2019-03-13,19.14349437,151.24556000000007,2.95196293832664,5.018904741108173
2019-03-14,18.446897196,150.630737,2.914896182685224,5.014831391486396
2019-03-15,18.351811795200003,151.03085299999998,2.9097283050598,5.017484140446827
2019-03-18,18.72307206,151.99699400000003,2.929756563354798,5.023860744334933
2019-03-19,17.76221928,151.22604400000003,2.8770736892167004,5.018775697589581
2019-03-20,18.9959816016,149.96571400000002,2.944227462145661,5.010406694636057
2019-03-21,19.2342400068,151.93249500000002,2.95669202446969,5.023436310357299
2019-03-22,19.6257779712,146.40394599999993,2.976843904727341,4.986369554715883
2019-03-25,19.7563024944,147.04977399999999,2.983472554081709,4.990771128106609
2019-03-26,18.9477444,148.59581000000006,2.941684895420172,5.0012299353854575
2019-03-27,19.5898028472,148.01849400000003,2.9750091679548123,4.997337225416792
2019-03-28,18.47965764,149.33947799999996,2.916670540067904,5.006222090221776
2019-03-29,18.633617906399998,149.79937699999994,2.9249673636339266,5.009296912195966
2019-04-01,19.134865764,151.433472,2.9515121036453245,5.020146399791304
2019-04-02,20.133869382,151.042068,3.0024034408519973,5.017558394040748
2019-04-03,19.9237930416,151.82487499999993,2.9919146477649976,5.022727718466982
2019-04-04,19.810923312,152.56855799999994,2.986233468003929,5.027614055681088
2019-04-05,19.377752561999998,153.99714699999998,2.9641256328648775,5.036934076267995
2019-04-08,19.978319779200003,153.74272200000004,2.9946476745490784,5.03528056898085
2019-04-09,18.69594822,151.86401399999997,2.9283068276563413,5.022985475675983
2019-04-10,18.640853654399997,153.92866500000005,2.9253556051186695,5.036489280811036
2019-04-11,19.6853769936,153.73297100000002,2.979876075525499,5.0352171428289605
2019-04-12,18.87200838,154.29068,2.9376797861493618,5.038838355730205
2019-04-15,19.673074706399998,153.79168700000005,2.979250934694533,5.035599004895537
2019-04-16,19.694082778800002,154.15370200000007,2.9803182240664974,5.037950169613041
2019-04-17,19.141688137200003,152.744675,2.9518685815712034,5.028767736560253
2019-04-18,19.607071554,152.29455600000006,2.9758902947375505,5.025816514022582
2019-04-22,19.515834198,151.89334100000005,2.971226146221663,5.0231785705894625
2019-04-23,19.883209968,154.18307499999997,2.9898756553972214,5.038140695053273
2019-04-24,20.34570648,154.66253699999993,3.0128699058446107,5.041245562770648
2019-04-25,18.84953244,153.38070699999997,2.9364881093423576,5.0329231117927735
2019-04-26,19.62549888,154.86802699999998,2.9768296839823156,5.04257331552975
2019-04-29,19.422135936,155.61167899999998,2.9664134432208846,5.047363666768209
2019-04-30,19.695336604799998,154.88757299999997,2.9803818871526784,5.042699518252322
2019-05-01,19.807122196799998,153.41983000000002,2.98604157993056,5.033178150461184
2019-05-02,20.0455550532,154.13413999999995,2.998007436067797,5.0378232622403765
2019-05-03,18.160577107199998,157.07943700000007,2.8992531516990416,5.056751645542449
2019-05-06,18.0287622,157.25560000000004,2.8919683826122964,5.057872507029126
2019-05-07,19.1727215496,154.143936,2.9534885161827575,5.037886815251544
2019-05-08,19.292210303999997,153.39047200000002,2.9597014032462097,5.032986774878955
2019-05-09,18.6644306784,152.83273299999996,2.9266196098065187,5.029344074994523
2019-05-10,19.604312244000003,153.25347900000003,2.9757495544862618,5.032093276026836
2019-05-13,18.784106265600002,148.37072799999999,2.9330111008698885,4.999714060602953
2019-05-14,18.805676904,150.23968500000007,2.9341587872329824,5.012231918812388
2019-05-15,17.892296625600004,150.72894300000002,2.8843702641052094,5.015483144258873
2019-05-16,17.8829123784,151.66832000000005,2.8838456411790827,5.021696031322326
2019-05-17,18.091899076799997,149.55473300000006,2.8954642732670726,5.007662432853329
2019-05-20,18.1149000864,148.51751700000003,2.896734808814303,5.000702910882028
2019-05-21,18.06483432,150.51367200000004,2.8939671932317785,5.014053923916698
2019-05-22,18.154589726399998,149.25140400000004,2.8989234062303404,5.005632159263642
2019-05-23,18.218067487200003,146.178894,2.9024138207399526,4.984831173009121
2019-05-24,17.808201789599998,147.548782,2.879659125870606,4.994158846526005
2019-05-28,17.635402199999998,146.374588,2.869908370346002,4.9861690072256195
2019-05-29,18.996780052800002,145.15144300000006,2.9442694938993608,4.977777631861113
2019-05-30,19.1312013024,144.75027500000002,2.9513205782604532,4.975010016278588
2019-05-31,19.0658796156,142.72476200000003,2.9479003299635473,4.960918034306456
2019-06-03,18.654027336,143.22380099999995,2.9260620657265637,4.964408448816068
2019-06-04,19.0307017392,146.93235800000005,2.946053556045938,4.98997233121753
2019-06-05,19.4114641536,146.96168500000002,2.9658638272880835,4.990171906546093
2019-06-06,18.1725526008,146.580093,2.8999123568999097,4.987571988963324
2019-06-07,18.4773060012,147.617294,2.91654327643088,4.994623073324416
2019-06-10,19.05508332,147.83240826312667,2.947333906921879,4.996079255540819
2019-06-11,19.12313403,148.047836,2.9508988078938008,4.9975354377572225
2019-06-12,19.5794228628,148.214188,2.9744791608150316,4.998658443772214
2019-06-13,18.866253868799998,149.77981599999998,2.9373748165560793,5.009166322352046
2019-06-14,18.816291648,148.46856700000006,2.9347230715960926,5.000373265803821
2019-06-17,19.057441296,149.49276700000001,2.9474576445134852,5.007248010389427
2019-06-18,19.3687025928,151.23082000000002,2.9636584949381475,5.018807278952538
2019-06-19,18.646011349200002,151.77090500000003,2.925632254541055,5.02237217992446
2019-06-20,18.6897381336,152.48771700000003,2.927974610325977,5.027084048541308
2019-06-21,19.4976137544,151.171906,2.970292086512459,5.018417639602889
2019-06-24,18.28203,149.33564799999996,2.9059186101886003,5.006196443626751
2019-06-25,20.0699822148,148.42243999999997,2.9992252766494087,5.000062532239761
2019-06-26,20.308549272,148.078766,3.0110419437944267,4.997744334897186
2019-06-27,19.201082292,150.85769699999994,2.954966646820042,5.016336988499601
2019-06-28,18.4946029608,152.69393899999997,2.917478957673617,5.028435519229888
2019-07-01,19.077036576,153.28312699999998,2.9484853382341343,5.032286714588574
2019-07-02,18.9839013312,152.35024999999993,2.9435913216484004,5.026182146388691
2019-07-03,18.9470071368,153.44023100000004,2.941645984321923,5.033311116608448
2019-07-05,19.3964376024,153.85264599999994,2.9650894204651927,5.0359953001901925
2019-07-08,19.9389746352,152.389542,2.992676340703987,5.0264400188507015
2019-07-09,18.706694746799997,152.59573400000005,2.928881467641289,5.02779216302054
2019-07-10,19.141694838,152.86087000000006,2.9518689316343107,5.029528161280944
2019-07-11,19.7565899928,152.114594,2.9834871062130213,5.02463414469521
2019-07-12,18.4709885256,153.29293799999994,2.916201313385361,5.032350718280469
2019-07-15,18.22900632,152.48771700000003,2.903014079251037,5.027084048541308
2019-07-16,18.901274832,152.43864399999995,2.939229371219423,5.026762180663026
2019-07-17,19.954386668400005,151.34866300000002,2.9934490022929405,5.019586201599836
2019-07-18,18.52359192,151.91821300000007,2.9190451585766666,5.02334230366497
2019-07-19,18.583862518799997,151.044266,2.9222935976146567,5.01757294617206
2019-07-22,18.59900568,150.90676900000005,2.9231081212257064,5.0166622222892725
2019-07-23,19.001621527199998,151.90838600000006,2.94452431906173,5.0232776154511285
2019-07-24,19.998759396,154.42218000000005,2.9956702414300387,5.0396902801233345
2019-07-25,18.158987555999996,152.55647299999995,2.8991656202973983,5.0275348422519786
2019-07-26,19.009070477999998,154.36326600000007,2.944916258829327,5.039308694776758
2019-07-29,18.831753771600003,153.33219900000003,2.9355444754324425,5.03260680296158
2019-07-30,19.354564416,154.99171399999994,2.9629282787905784,5.043371657425797
2019-07-31,18.873206604,153.73480199999995,2.9377432762633227,5.035229053020276
2019-08-01,19.168102180800002,151.50575299999994,2.953247552720166,5.0206235978258045
2019-08-02,17.693650215599998,149.82662999999997,2.8732058303340886,5.0094788256443215
2019-08-05,19.300630087200002,145.32928499999997,2.9601377423831194,4.979002098788365
2019-08-06,18.589062988800002,146.66474900000006,2.9225733964178406,4.988149363158719
2019-08-07,18.515249308799998,146.62548800000005,2.918594679508515,4.987881635186345
2019-08-08,17.688889964399998,149.787354,2.8729367568755686,5.0092166482939815
2019-08-09,18.7519344096,147.90202300000004,2.931296915606915,4.996550047784129
2019-08-12,18.629522599199998,145.98721299999997,2.9247475589067395,4.983519035681011
2019-08-13,18.4287587328,147.55833400000003,2.9139124190500567,4.994223582342158
2019-08-14,18.032291992799998,143.43412800000004,2.89216415020092,4.9658758914818035
2019-08-15,17.479413273600002,142.86457800000002,2.8610238040805287,4.961897174572478
2019-08-16,17.6717204424,145.94793699999997,2.8719656467532158,4.983249962222492
2019-08-19,17.0683356,147.420868,2.8372250276588136,4.99329154368303
2019-08-20,18.648873648000002,146.45851099999996,2.9257857500569058,4.9867421869828545
2019-08-21,18.8002317,147.66633599999997,2.933869194228043,4.994955242096866
2019-08-22,17.8892635536,147.32264700000005,2.8842007314189835,4.992625059104832
2019-08-23,17.28161688,142.805664,2.8496433284430065,4.96148471298444
2019-08-26,18.46589748,144.376801,2.915925651510049,4.972426555657127
2019-08-27,18.8093874696,142.23613000000003,2.9343560786997833,4.957488563858905
2019-08-28,17.840034848400002,143.89563000000004,2.881445080535606,4.969088245120869
2019-08-29,19.5112721076,146.41924999999998,2.9709923553592272,4.986474081954319
2019-08-30,18.310136076,146.15411400000005,2.907454790444713,4.984661640322895
2019-09-03,18.500024399999997,144.01347399999997,2.917772051002328,4.9699068646430975
2019-09-04,19.8000691464,145.17214999999996,2.985685429936816,4.977920279586164
2019-09-05,18.53655396,147.87254300000004,2.919744672311476,4.996350706775899
2019-09-06,18.9781988256,147.19500700000006,2.943290890132792,4.991758285882529
2019-09-09,19.6712308152,149.168747,2.9791572036614444,5.005078195318266
2019-09-10,18.996768867599997,151.07372999999998,2.944268905104667,5.017767995791636
2019-09-11,19.271605374,154.16686999999993,2.9586327884528587,5.038035587202419
2019-09-12,18.864476450399998,154.20614600000002,2.937280600600741,5.038290317663092
2019-09-13,19.581946308000003,154.47128299999994,2.974608035022289,5.0400082085115665
2019-09-16,18.925885944,155.05064400000003,2.9405306116491987,5.043751799036704
2019-09-17,18.2221326,154.64804100000006,2.902636932183201,5.04115183173756
2019-09-18,18.919681704,153.69554100000002,2.9402027402264057,5.034973639063214
2019-09-19,19.304439696000003,152.94924900000007,2.9603351055187783,5.030106160483518
2019-09-20,19.5063822804,152.625214,2.9707417084506775,5.027985334559288
2019-09-23,18.7726850208,152.50737000000004,2.932402888892194,5.027212922748565
2019-09-24,18.6309759756,152.17888373602906,2.9248255705521187,5.025056695565929
2019-09-25,17.6447696496,151.85110499999996,2.870439402329637,5.022900468383292
2019-09-26,18.870109548000002,150.15620399999997,2.937579164769013,5.0116761122570646
2019-09-27,19.1893136628,148.95401000000007,2.954353544023056,5.003637600582741
2019-09-30,17.8382734836,149.131363,2.8813463446434753,5.004827548409716
2019-10-01,18.441814576800002,146.20471200000006,2.914620617668833,4.98500777661847
2019-10-02,18.8651214864,145.10105899999996,2.937314793172904,4.977430458278395
2019-10-03,18.473858208000003,145.58390799999998,2.916356662921737,4.98075260767656
2019-10-04,19.468118736,146.96347,2.9687781909869218,4.990184052495289
2019-10-07,18.438726362399997,146.70729099999997,2.91445314645889,4.988439383982095
2019-10-08,19.1750381052,144.32260100000002,2.953609334484722,4.972051078602022
2019-10-09,19.945486836,144.98281900000006,2.9930028939840194,4.976615245744949
2019-10-10,19.4896145088,145.56420900000003,2.9698817344013397,4.980617288236867
2019-10-11,19.4900879208,148.02771000000007,2.9699060245816393,4.997399485968547
2019-10-14,19.8763010304,147.48574800000003,2.9895281190469976,4.993731547382688
2019-10-15,18.9879097824,149.18063399999994,2.943802449382229,5.005157880417436
2019-10-16,18.413905819199996,149.33830299999994,2.9131061302224013,5.006214222210998
2019-10-17,18.8784119796,149.85965545756764,2.938019045929805,5.00969922583815
2019-10-18,18.4870056,150.38282800000005,2.917068085285825,5.013184229465303
2019-10-21,20.402048567999998,151.79196200000004,3.01563531580842,5.022510912307916
2019-10-22,19.2252594144,151.95948800000005,2.956225008897549,5.0236139590060365
2019-10-23,20.219944272000003,152.14671299999995,3.0066694575054416,5.0248452724290384
2019-10-24,20.0037838356,151.92991600000002,2.9959214474394833,5.023419335569325
2019-10-25,18.983593572,152.73796099999996,2.9435751099283074,5.0287237798883515
2019-10-28,19.0074800316,154.05838000000003,2.944832587566174,5.037331621485916
2019-10-29,18.710498639999997,154.560974,2.9290847909196427,5.040588672204186
2019-10-30,19.8857720592,154.048553,2.990004504116648,5.037267831944359
2019-10-31,19.1872291392,153.18139599999998,2.9542449087239984,5.031622813901207
2019-11-01,20.653087488,155.79270899999995,3.0278648233881498,5.048526335165759
2019-11-04,19.1570754096,156.63031000000004,2.952672120474444,5.0538883152752305
2019-11-05,18.7010394,156.82739300000006,2.92857910520357,5.055145792913097
2019-11-06,19.0690275816,155.92082200000002,2.948065426261848,5.049348327119734
2019-11-07,20.671297548000002,156.33468599999998,3.0287461461791763,5.051999132192763
2019-11-08,20.4318218412,156.75840799999997,3.0170935796554565,5.05470581762791
2019-11-11,20.5078676532,156.46278400000003,3.0208086004775763,5.052818179783916
2019-11-12,20.430532545600002,156.51205400000006,3.0170304753326747,5.053133029378356
2019-11-13,20.516509332,155.84199500000005,3.021229895305816,5.048842641403661
2019-11-14,20.580245400000006,155.79270899999995,3.024331654533062,5.048526335165759
2019-11-15,19.10663088,156.60073900000003,2.950035441296388,5.0536995025749425
2019-11-18,19.3108369656,156.20658900000004,2.9606664391365367,5.0511794196144955
2019-11-19,20.024620512000002,156.78797900000004,2.9969625420632457,5.054894440436615
2019-11-20,20.468136657600002,156.19673199999997,3.0188693675670293,5.051116315291713
2019-11-21,19.510534268399997,155.42810099999997,2.9709545385963136,5.046183251701582
2019-11-22,20.392513343999997,155.91095,3.015167840550604,5.049285010928828
2019-11-25,19.01203128,157.61137129471695,2.945072004027077,5.060132327706144
2019-11-26,19.030953359999998,159.33033799999998,2.946066777793618,5.07097964448346
2019-11-27,20.215922832,160.45369,3.0064705529040925,5.078005365110055
2019-11-29,19.985268201599997,159.40916400000006,2.994995412218346,5.071474255293306
2019-12-02,20.382134697599998,157.852219,3.01465876703936,5.06165927255486
2019-12-03,19.22251644,157.34964000000002,2.95608232317159,5.058470335614567
2019-12-04,19.388064,158.433594,2.964657618988616,5.065335540227168
2019-12-05,19.6998388704,158.591278,2.9806104565429807,5.066330313993709
2019-12-06,21.394667052000003,160.443832,3.0631416877939643,5.077943924934751
2019-12-09,20.13342648,160.13836700000004,3.0023814427520237,5.076038235265156
2019-12-10,20.564243532,160.23690800000006,3.023553816760754,5.076653395115476
2019-12-11,20.062642384799997,160.18763699999994,2.9988594979267327,5.07634585937168
2019-12-12,21.667517256,161.56719999999999,3.0758142384261844,5.084921155188707
2019-12-13,20.1316473432,160.94639600000002,3.0022930715343787,5.081071365446892
2019-12-16,21.166746676800003,162.08081099999995,3.0524313972296913,5.08809504418973
2019-12-17,19.979826302400003,162.8918,2.9947230796090447,5.09308617671057
2019-12-18,19.8815344356,163.20828199999997,2.989791383139164,5.095027188791413
2019-12-19,20.2238878368,163.91047700000001,3.006864471904764,5.099320406830644
2019-12-20,19.858757562,164.14785799999996,2.9886450968413483,5.10076759482195
2019-12-23,20.8557051312,164.47424300000006,3.037627538211346,5.10275398043829
2019-12-24,21.3618757644,164.85005199999998,3.061607826921728,5.105036284955967
2019-12-26,20.0166433632,164.85005199999998,2.9965640956540414,5.105036284955967
2019-12-27,20.514414167159963,164.03906299999997,3.021127769169567,5.1001045884860865
2019-12-30,20.38629160173329,163.623688,3.0148626946630155,5.09756920586331
2019-12-31,20.418122134049952,163.85113500000003,3.016422846414209,5.098958302188271
2020-01-02,20.31117577079994,163.95994600000003,3.011171265142655,5.099622166287461
2020-01-03,20.366400682199934,163.31709299999994,3.013886517630376,5.095693666880766
2020-01-06,20.463373931519918,163.534668,3.0186366507171973,5.097025004557953
